Data,옵션만기,기초자산만기,변동성,Source
20250102,1Y,1Y,0.21000000000000002,swaption_vol_long_format.xlsx
20250102,1Y,2Y,0.2,swaption_vol_long_format.xlsx
20250102,1Y,3Y,0.19,swaption_vol_long_format.xlsx
20250102,1Y,5Y,0.18000000000000002,swaption_vol_long_format.xlsx
20250102,1Y,10Y,0.17,swaption_vol_long_format.xlsx
20250102,2Y,1Y,0.2,swaption_vol_long_format.xlsx
20250102,2Y,2Y,0.19,swaption_vol_long_format.xlsx
20250102,2Y,3Y,0.18000000000000002,swaption_vol_long_format.xlsx
20250102,2Y,5Y,0.17,swaption_vol_long_format.xlsx
20250102,2Y,10Y,0.16,swaption_vol_long_format.xlsx
20250102,3Y,1Y,0.19,swaption_vol_long_format.xlsx
20250102,3Y,2Y,0.18000000000000002,swaption_vol_long_format.xlsx
20250102,3Y,3Y,0.17,swaption_vol_long_format.xlsx
20250102,3Y,5Y,0.16,swaption_vol_long_format.xlsx
20250102,3Y,10Y,0.15000000000000002,swaption_vol_long_format.xlsx
20250102,5Y,1Y,0.18000000000000002,swaption_vol_long_format.xlsx
20250102,5Y,2Y,0.17,swaption_vol_long_format.xlsx
20250102,5Y,3Y,0.16,swaption_vol_long_format.xlsx
20250102,5Y,5Y,0.15000000000000002,swaption_vol_long_format.xlsx
20250102,5Y,10Y,0.14,swaption_vol_long_format.xlsx
20250102,10Y,1Y,0.17,swaption_vol_long_format.xlsx
20250102,10Y,2Y,0.16,swaption_vol_long_format.xlsx
20250102,10Y,3Y,0.15000000000000002,swaption_vol_long_format.xlsx
20250102,10Y,5Y,0.14,swaption_vol_long_format.xlsx
20250102,10Y,10Y,0.13,swaption_vol_long_format.xlsx
20250102,20Y,1Y,0.17,swaption_vol_long_format.xlsx
20250102,20Y,2Y,0.16,swaption_vol_long_format.xlsx
20250102,20Y,3Y,0.15000000000000002,swaption_vol_long_format.xlsx
20250102,20Y,5Y,0.14,swaption_vol_long_format.xlsx
20250102,20Y,10Y,0.13,swaption_vol_long_format.xlsx
